hla,st_auc,st_f1,netmhc_auc,netmhc_f1
A0101,0.43373590982286636,0.6802919708029197,0.43625488842880145,0.6725146198830411
A0201,0.6050232838567904,0.6726618705035972,0.6137200225302055,0.6626551335088379
A0206,0.4157250470809793,0.36619718309859156,0.3568738229755179,0.19607843137254904
A0301,0.3751532000119571,0.48945147679324896,0.38779780587690194,0.4862579281183932
A1101,0.7062827595976767,0.2592928377153218,0.7168331208386456,0.2757955641272902
A2402,0.5134470190054673,0.5617402431222009,0.5068849258005728,0.5219072164948453
A3001,0.4640151515151515,0.4615384615384615,0.39457070707070707,0.5217391304347826
B0702,0.45246697746697745,0.6059225512528474,0.43475135975135976,0.5895691609977324
B0801,0.4053862508858966,0.5904761904761904,0.37818922749822825,0.6355140186915887
B1501,0.6739057239057238,0.6887417218543046,0.6446127946127946,0.6878980891719745
B2705,0.5082644628099173,0.29411764705882354,0.4903581267217631,0.3269230769230769
B3501,0.6358695652173912,0.7529411764705882,0.6491545893719807,0.7640449438202246
B4001,0.6160881801125704,0.7482014388489209,0.5166510318949342,0.7272727272727273
B4403,0.14460784313725492,0.4150943396226416,0.15073529411764708,0.4150943396226416
B5801,0.25531914893617025,0.07594936708860758,0.15957446808510634,0.0
C0702,0.3061302681992337,0.7169811320754719,0.30306513409961683,0.7652173913043477
Db,0.4962606837606838,0.5081967213114753,0.5226139601139601,0.5693430656934307
Kb,0.8244735227969741,0.4674329501915709,0.8031077489265999,0.4626865671641791
Kd,0.5029411764705882,0.767123287671233,0.44509803921568625,0.7712418300653595
